Id|AirlineCode|AirlineName
0|00|JANET
1|02|VIVA AEROBUS
2|0B|BLUE AIR
3|0V|VIETNAM AIR SERVICE COMPANY
4|1B|BH AIR
5|1D|INTERLINK AIRLINES
6|1L|WEST AIR EXPRESS
7|1X|BRANSON AIR EXPRESS
8|2A|DEUTSCHE BAHN AG
9|2B|AEROCONDOR
10|2C|SNCF
11|2D|DUBROVNIK AIRLINE
12|2E|SMOKEY BAY AIR
13|2F|FRONTIER FLYING SERVICE
14|2H|THALYS
15|2I|STAR PERU
16|2J|AIR BURKINA
17|2K|AEROGAL AEROLINEAS GALAPAGOS
18|2L|HELVETIC AIRWAYS
19|2M|MOLDAVIAN AIRLINES
20|2N|NEXTJET
21|2O|ALASKA AIR
22|2P|AIR PHILIPPINES
23|2Q|AVITRANS NORDIC
24|2R|VIA RAIL CANADA
25|2S|STAR EQUATORIAL AIRLINES
26|2T|TULPAR AVIA SERVICE
27|2U|SUN D’OR INTERNATIONAL AIRLINES
28|2V|AMTRAK
29|2W|WELCOME AIR
30|3A|ALLIANCE AIRLINES/KENOSHA AERO
31|3B|JOB AIR
32|3C|CAMAI AIR
33|3D|DENIM AIR
34|3E|AIR CHOICE ONE
35|3F|PACIFIC AIRWAYS
36|3H|AIR INUIT
37|3J|AIR ALLIANCE
38|3K|JETSTAR ASIA
39|3L|INTERSKY
40|3M|GULFSTREAM INTERNATIONAL
41|3N|AIR URGA
42|3O|AIR ARABIA MAROC
43|3P|TIARA AIR
44|3Q|YUNNAN AIRLINES
45|3R|MOSKOVIA AIRLINES
46|3S|AIR ANTILLES EXPRESS
47|3T|TURAN AIR
48|3U|SICHUAN AIRLINES
49|3V|TNT AIRWAYS
50|3X|JAPAN AIR COMMUTER
51|3Y|KARTIKA AIRLINES
52|3Z|EVERTS AIR/TATONDUK OUTFITTERS
53|43|GOTLANDSFLYG
54|4A|AIR KIRIBATI
55|4B|BOUTIQUE AIR
56|4C|AIRES
57|4D|AIR SINAI
58|4E|TANANA AIR SERVICE
59|4F|AIR-CITY
60|4G|GAZPROMAVIA
61|4H|UNITED AIRWAYS (BANGLADESH)
62|4I|IZAIR
63|4J|SOMON AIR
64|4K|KENN BOREK AIR
65|4L|GEORGIAN INTL AIRLINES
66|4M|LAN ARGENTINA
67|4N|AIR NORTH
68|4O|INTERJET
69|4P|VIKING AIRLINES
70|4Q|SAFI AIRWAYS
71|4R|HI HAMBURG INTERNATIONAL
72|4S|EAST WEST TRAVEL TRADE LINKS LTD
73|4T|BELAIR
74|4U|GERMANWINGS
75|4V|VAYAGEUR AIRWAYS
76|4W|WARBELOW'S AIR VENTURES
77|4Y|BLUE LINE
78|4Z|SA AIRLINK
79|5A|ALPINE AVIATION
80|5B|CHANCHANGI AIRLINES
81|5C|TRAVELAIR
82|5D|AEROLITORAL S.A. DE C.V
83|5E|EQUAFLIGHT SERVICE
84|5F|ARCTIC CIRCLE AIR
85|5H|FIVE FOURTY AVIATION LTD
86|5J|CEBU PACIFIC AIR
87|5K|ODESSA AIRLINES
88|5L|AEROSUR
89|5M|FLYMONTSERRAT
90|5N|NORDAVIA RA
91|5O|EUROPE AIRPOST
92|5P|PAL AIRLINES
93|5Q|BQB LÍNEAS AÉREAS
94|5R|AIS AERO
95|5S|SERVICIOS AEREOS PROFESIONALES
96|5T|CANADIAN NORTH/AIR NORTERRA INC
97|5U|LADE LINEAS AEREAS DEL ESTADO
98|5V|LVIV AIRLINES
99|5W|FLYSTAR ASTRAEUS
100|5X|UNITED PARCEL SERVICE AIRLINES
101|5Y|ATLAS AIR
102|5Z|GONINI AIR SERV
103|6A|AVIACSA
104|6B|TUIFLY NORDIC
105|6C|CAPE SMYTHE AIR SERVICE
106|6D|PELITA AIR SERVICE
107|6E|INDIGO AIRLINES
108|6F|AEROTRANS AIRLINES LTD
109|6G|AIR WALES
110|6H|ISRAIR AIRLINES
111|6J|JUBBA AIRWAYS
112|6K|ASIAN SPIRIT
113|6L|AKLAK AIR
114|6M|EUROAIR LTD
115|6N|NORDIC REGIONAL
116|6O|AIR SATELLITE
117|6P|GRYPHON AIRLINES
118|6Q|CHAM WINGS AIRLINES
119|6R|ALROSA MIRNY AIR ENTERPRISE
120|6S|KATO AIR
121|6T|AIR MANDALAY
122|6U|AIR UKRAINE
123|6V|LIGNES AÉRIENNES CONGOLAISES
124|6W|SARAVIA SARATOV AIRLINES
125|6Y|LATCHARTER AIRLINES
126|7A|AIR NEXT
127|7B|KRAS AIR AIRLINES
128|7C|JEJU AIR
129|7D|DONBASSAERO AIRLINES
130|7E|AEROLINE GMBH
131|7F|FIRST AIR
132|7G|STARFLYER
133|7H|CORENDON AIRLINES
134|7I|INSEL AIR
135|7J|TAJIK AIR
136|7K|KOGALYMAVIA AIRLINES
137|7L|AEROCARIBBEAN
138|7M|MAYAIR S.A. DE C.V
139|7N|INLAND AVIATION SERVICES
140|7P|BATAVIA AIR PT METRO
141|7Q|PAN AMERICAN WORLD AIRWAYS
142|7R|REDWING AIRWAYS
143|7S|ARCTIC TRANSPORTATION SERVICES
144|7T|TRENITALIA
145|7U|AVIAENERGO
146|7V|FEDERAL AIRLINES PTY LTD
147|7W|WIND ROSE AVIATION
148|7Y|MID AIRLINES
149|7Z|HALCYONAIR
150|8A|ATLAS BLUE
151|8C|EAST STAR AIRLINES
152|8F|FISCHER AIR
153|8G|ANGEL AIRLINES
154|8H|HIGHLAND AIRWAYS LIMITED
155|8J|JETALL
156|8K|ANGEL AIRLINES SA
157|8M|MYANMAR AIRWAYS INTL
158|8P|PACIFIC COASTAL AIRLINES LTD.
159|8S|SALAIR
160|8T|TRAVELAIR
161|8U|AFRIQIYAH AIRWAYS
162|8Y|AIR BURUNDI
163|9A|VISA AIRWAYS PVT LTD
164|9B|DEUTSCHE BAHN AG
165|9C|SPRING AIRLINES
166|9D|TOUMAÏ AIR TCHAD
167|9E|XL AIRWAYS GERMANY
168|9F|EUROSTAR
169|9G|PERM AIRLINES
170|9H|BONAIRE EXPRESS
171|9J|DANA AIR
172|9K|CAPE AIR
173|9L|COLGAN AIR
174|9M|CENTRAL MOUNTAIN AIR
175|9N|SATENA
176|9P|ATLANTIC AIRLINES
177|9Q|PB AIR
178|9R|PHUKET AIRLINES
179|9S|SOUTHERN AIR
180|9T|TRANSWEST AIR
181|9U|AIR MOLDOVA
182|9V|AVIOR AIRLINES
183|9W|JET AIRWAYS (INDIA)
184|9X|NEW AXIS AIRWAYS
185|A0|L'AVION
186|A2|ASTRA AIRLINES
187|A3|AEGEAN AIRLINES
188|A4|AEROCON
189|A5|AIRLINAIR
190|A6|AIR ALPS AVIATION
191|A7|AIR COMET SA
192|A8|BENIN GOLF AIR
193|A9|GEORGIAN AIRWAYS
194|AA|AMERICAN AIRLINES
195|AB|AIR BERLIN
196|AC|AIR CANADA
197|AD|AZUL LINHAS AÉREAS BRASILEIRAS
198|AE|MANDARIN AIRLINES
199|AF|AIR FRANCE
200|AG|AIR CONTRACTORS UK
201|AH|AIR ALGERIE
202|AI|AIR INDIA
203|AJ|AERO CONTRACTORS
204|AK|AIRASIA BERHAD
205|AM|AEROMÉXICO
206|AN|ANSETT AUSTRALIA
207|AO|AVIANOVA LCC
208|AP|AIR ONE
209|AQ|ALOHA AIRLINES
210|AR|AEROLINEAS ARGENTINAS S.A.
211|AS|ALASKA AIRLINES
212|AT|ROYAL AIR MAROC
213|AU|AUSTRAL LINEAS AÉREAS
214|AV|AVIANCA
215|AW|DIRGANTARA AIR SERVICES
216|AX|TRANS STATES AIRLINES
217|AY|FINNAIR
218|AZ|ALITALIA LINEE AEREE ITALIANE
219|B2|BELAVIA - BELARUSIAN AIRLINES
220|B3|BELLVIEW AIRLINES
221|B4|ZANAIR
222|B5|EAST AFRICAN SAFARI AIR
223|B6|JETBLUE AIRWAYS
224|B7|UNI AIRWAYS
225|B8|ERITREAN AIRLINES
226|B9|IRAN AIR TOURS
227|BA|BRITISH AIRWAYS
228|BB|SEABORNES AIRLINES
229|BC|SKYMARK AIRLINES
230|BD|BMI BRITISH MIDLAND
231|BE|FLYBE
232|BF|VINCENT AVIATION
233|BG|BIMAN BANGLADESH AIRLINES
234|BH|HAWKAIR AVIATION
235|BI|ROYAL BRUNEI AIRLINES
236|BJ|NOUVELAIR TUNISIE
237|BK|POTOMAC AIR/US AIRWAYS EXPRESS
238|BL|JETSTAR PACIFIC AIRLINES
239|BM|BAYU INDONESIA
240|BN|BAHRAIN AIR
241|BO|BOURAQ AIRLINES
242|BP|AIR BOTSWANA
243|BQ|AEROMAR C. POR. A.
244|BR|EVA AIRWAYS
245|BS|BRITISH INTERNATIONAL HELICOPTERS
246|BT|AIR BALTIC
247|BU|SAS NORGE
248|BV|BLU-EXPRESS
249|BW|CARIBBEAN AIRWAYS
250|BX|AIR BUSAN
251|BY|THOMSONFLY
252|BZ|BLUE BIRD AVIATION
253|C0|CENTRALWINGS
254|C2|AIR LUXOR STP
255|C3|CONTACT AIR
256|C4|ZIMEX AVIATION
257|C5|COMMUTAIR
258|C6|CANJET AIRLINES
259|C7|RICO LINHAS AEREAS
260|C8|CHICAGO EXPRESS AIRLINES
261|C9|CIRRUS AIRLINES
262|CA|AIR CHINA
263|CB|SCOTAIRWAYS
264|CC|MACAIR AIRLINES
265|CD|ALLIANCE AIR
266|CE|CHALAIR AVIATION
267|CF|CITY AIRLINE
268|CG|AIRLINES OF PAPUA NEW GUINEA
269|CH|BEMIDJI AIRLINES
270|CI|CHINA AIRLINES
271|CJ|BA CITYFLYER
272|CK|ANDESMAR LINEAS AEREAS
273|CL|LUFTHANSA CITYLINE
274|CM|COPA
275|CN|GRAND CHINA AIR
276|CO|CONTINENTAL AIRLINES
277|CP|COMPASS AIRLINES (NORTH AMERICA)
278|CQ|CZECH CONNECT AIRLINES
279|CS|CONTINENTAL MICRONESIA
280|CT|ALITALIA CITYLINER SPA
281|CU|CUBANA DE AVIACION
282|CV|AIR CHATHAMS
283|CW|AIR MARSHALL ISLANDS
284|CX|CATHAY PACIFIC AIRWAYS
285|CY|CYPRUS AIRWAYS
286|CZ|CHINA SOUTHERN AIRLINES
287|D1|DIRECT AIR & TOURS
288|D2|SEVERSTAL AIRCOMPANY
289|D3|DAALLO AIRLINES
290|D4|ALIDAUNIA
291|D5|NEPC AIRLINES (A DIVISION OFNEPC MICON L
292|D6|INTERAIR SOUTH AFRICA
293|D7|AIR ASIA X
294|D8|DJIBOUTI AIRLINES
295|D9|DONAVIA
296|DA|AIR GEORGIA
297|DB|BRIT AIR
298|DC|GOLDEN AIR
299|DD|NOK AIR
300|DE|CONDOR
301|DF|AEROLINEAS DE BALEARES
302|DG|SOUTH EAST ASIAN AIRLINES
303|DH|VOSTOK AIRLINES
304|DI|DIVI DIVI AIR
305|DJ|VIRGIN BLUE
306|DK|EASTLAND AIR
307|DL|DELTA AIR LINES
308|DM|STERLING BLUE
309|DN|SÉNÉGAL AIRLINES
310|DO|AIR VALLEE
311|DP|FIRST CHOICE
312|DQ|COASTAL AIR TRANSPORT
313|DR|AIR LINK
314|DS|EASYJET SWITZERLAND
315|DT|TAAG
316|DU|HEMUS AIR
317|DV|SCAT
318|DW|AERO-CHARTER UKRAINE
319|DX|DANISH AIR TRANSPORT
320|DY|NORWEGIAN AIR SHUTTLE
321|E3|DOMODEDOVO AIRLINES
322|E4|ELYSIAN AIRLINES
323|E5|AIR ARABIA EGYPT
324|E6|AVIAEXPRESSCRUISE AIRLINE
325|E8|U.S. AFRICA AIRWAYS
326|E9|BOSTON MAINE AIRWAYS
327|EA|EUROPEAN AIR EXPRESS
328|EB|AIR PULLMANTUR
329|EC|AVIALEASING AVIATION COMPANY
330|ED|AIR DOMINICANA
331|EE|AERO AIRLINES A.S
332|EF|STRATEGIC AIRLINES
333|EG|ENERJET
334|EH|AIR NIPPON NETWORK
335|EI|AER LINGUS IRISH AIRLINES
336|EJ|NEW ENGLAND AIRLINES
337|EK|EMIRATES
338|EL|AIR NIPPON
339|EM|AERO BENIN
340|EN|AIR DOLOMITI
341|EO|HEWA BORA AIRWAYS
342|EP|IRAN ASEMAN AIRLINES
343|EQ|TAME
344|ER|DHL AIRWAYS
345|ET|ETHIOPIAN AIRLINES
346|EU|UNITED EAGLE AIRLINES
347|EV|ATLANTIC SOUTHEAST AIRLINES
348|EW|EUROWINGS
349|EX|AIR SANTO DOMINGO
350|EY|ETIHAD AIRWAYS
351|EZ|SUN AIR OF SCANDINAVIA
352|F4|ALBARKA AIR SERVICES
353|F5|COSMIC AIR
354|F6|FIRST CAMBODIA AIRLINES
355|F7|DARWIN AIRLINE SA
356|F8|FREEDOM AIRLINES
357|F9|FRONTIER AIRLINES
358|FA|AIRLINK AIRWAYS LIMITED
359|FB|BULGARIA AIR
360|FC|FINNCOMM AIRLINES
361|FD|THAI AIRASIA
362|FF|TOWER AIR
363|FG|ARIANA AFGHAN AIRLINES
364|FH|FUTURA INTERNATIONAL AIRLINES
365|FI|ICELANDAIR
366|FJ|AIR PACIFIC
367|FK|KEEWATIN AIR
368|FL|AIRTRAN AIRWAYS
369|FM|SHANGHAI AIRLINES
370|FN|REGIONAL AIR LINES
371|FO|FELIX AIRWAYS
372|FP|FREEDOM AIR (GUAM)
373|FQ|BRINDABELLA AIRLINES
374|FR|RYANAIR
375|FS|ITALI AIRLINES
376|FT|SIEM REAP AIRWAYS INTERNATIONAL
377|FU|AIR LITTORAL
378|FV|ROSSIYA AIRLINES
379|FW|IBEX AIRLINES CO. LTD
380|FX|FEDEX AIRLINES
381|FY|FIREFLY
382|FZ|FLYDUBAI
383|G1|TRANS-AIR-LINK
384|G3|GOL TRANSPORTES AEREOS
385|G4|ALLEGIANT AIR
386|G5|CHINA EXPRESS AIRLINES
387|G6|ANGKOR AIRWAYS
388|G7|GOJET AIRLINES
389|G8|GO AIR
390|G9|AIR ARABIA
391|GA|GARUDA INDONESIA
392|GB|ABX AIR
393|GC|GAMBIA INTERNATIONAL AIRLINES
394|GD|TAESA AIRLINES
395|GE|TRANSASIA AIRWAYS
396|GF|GULF AIR
397|GH|GLOBUS AIRLINES
398|GI|AIR COMPANY ITEK-AIR LTD
399|GJ|EUROFLY
400|GK|JETSTAR JAPAN
401|GL|AIR GREENLAND
402|GM|AIR SLOVAKIA
403|GN|AIR GABON
404|GP|PANTANAL LINHAS AEREAS
405|GQ|BIG SKY AIRLINES
406|GR|AURIGNY AIR SERVICES
407|GS|TIANJIN AIRLINES
408|GT|GB AIRWAYS LTD.
409|GU|AVIATECA
410|GV|GRANT AVIATION
411|GW|AIR LINES OF KUBAN
412|GX|PRIMERA AIR
413|GY|GABON AIRLINES
414|GZ|AIR RAROTONGA
415|H2|SKY AIRLINE
416|H3|HARBOUR AIR
417|H4|HELI SECURITE
418|H5|MAGADAN AIRLINES
419|H6|HAGELAND AVIATION
420|H7|EAGLE AIR
421|H8|DALAVIA FAR EAST AIRWAYS
422|HA|HAWAIIAN AIRLINES
423|HC|LIP AIR LTD
424|HD|HOKKAIDO INTERNATIONAL AIRLINES/AIR DO
425|HE|LUFTFAHRTGESELLSCHAFT WALTER
426|HF|HAPAG LLOYD FLUGGESELLSCHAFT
427|HG|NIKI
428|HH|AIR HAMBURG
429|HI|PAPILLON AIRWAYS
430|HK|YANGON AIRWAYS LIMITED
431|HM|AIR SEYCHELLES
432|HN|NLM CITYHOPPER B.V.
433|HO|JUNEYAO AIRLINES
434|HP|AMERICA WEST AIRLINES
435|HQ|HARMONY AIRWAYS
436|HR|HAHN AIR LINES
437|HS|DIREKTFLYG
438|HT|HELLENIC IMPERIAL AIRWAYS
439|HU|HAINAN AIRLINES
440|HV|TRANSAVIA AIRLINES
441|HW|NORTH-WRIGHT AIRWAYS
442|HX|HONG KONG AIRLINES
443|HY|UZBEKISTAN AIRWAYS
444|HZ|SAT SAKHALIN AIRLINES
445|I4|INTERNATIONAL AIRLINK
446|I5|SOCIETE NOUVELLE AIR MALI
447|I7|PARAMOUNT AIRWAYS
448|I8|ABORIGINAL AIR SERVICES
449|I9|AIR ITALY S.P.A
450|IA|IRAQI AIRWAYS
451|IB|IBERIA
452|IC|INDIAN AIRLINES
453|IE|SOLOMON AIRLINES
454|IF|ISLAS AIRWAYS
455|IG|MERIDIANA
456|IH|IRTYSH AIR
457|II|BUSINESS AIR LTD.
458|IJ|T.A.T. EUROPEAN AIRLINES
459|IK|IMAIR AIRLINE
460|IM|MINT AIRWAYS
461|IN|MACEDONIAN AIRLINES
462|IQ|AUGSBURG AIRWAYS
463|IR|IRAN AIR
464|IS|ISLAND AIRLINES
465|IT|KINGFISHER AIRLINES
466|IV|WIND JET
467|IW|WINGS AIR
468|IX|AIR INDIA EXPRESS
469|IY|YEMENIA YEMEN AIRWAYS
470|IZ|ARKIA-ISRAELI AIRLINES
471|J0|JETLINK EXPRESS
472|J2|AZERBAIJAN AIRLINES
473|J3|NORTHWESTERN AIR LEASE
474|J4|WONDAIR AVIATION S.L
475|J5|ALASKA SEAPLANE SERVICE
476|J6|LARRY'S FLYING SERVICE
477|J7|JMC AIRLINES LTD
478|J8|BERJAYA AIR
479|J9|JAZEERA AIRWAYS
480|JA|B&H AIRLINES
481|JB|HELIJET INTERNATIONAL
482|JC|JAL EXPRESS
483|JD|DEER AIR
484|JE|MANGO
485|JF|L.A.B. FLYING SERVICE
486|JH|FUJI DREAM AIRLINES
487|JI|EASTERN CARIBBEAN AIR
488|JJ|TAM LINHAS AEREAS
489|JK|SPANAIR
490|JL|JAPAN AIRLINES
491|JM|AIR JAMAICA
492|JN|EXCEL AIRWAYS
493|JO|JALWAYS
494|JP|ADRIA AIRWAYS
495|JQ|JETSTAR AIRWAYS
496|JR|AERO CALIFORNIA
497|JS|AIR KORYO
498|JT|LION AIR
499|JU|JAT AIRWAYS
500|JV|BEARSKIN AIRLINES
501|JW|AIRASIA JAPAN CO LTD
502|JX|NICE HELICOPTERES
503|JY|AIR TURKS AND CAICOS
504|JZ|SKYWAYS
505|K2|EUROLOT
506|K3|TAQUAN AIR SERVICES
507|K4|KALITTA AIR
508|K5|WINGS OF ALASKA
509|K6|CAMBODIA ANGKOR AIR
510|K7|ARIZONA EXPRESS AIRLINES
511|K8|ZAMBIA SKYWAYS
512|K9|KALITTA CHARTERS
513|KA|DRAGONAIR
514|KB|DRUK AIR
515|KC|AIR ASTANA
516|KD|KENDELL AIRLINES
517|KE|KOREAN AIR
518|KF|BLUE1
519|KG|AEROGAVIOTA
520|KI|ADAM AIR
521|KJ|BRITISH MEDITARRANEAN AIRWAYS LTD.
522|KK|ATLASJET
523|KL|KLM
524|KM|AIR MALTA
525|KN|CHINA UNITED AIRLINES
526|KO|YUTANA AIRLINES
527|KP|KIWI INTL. AIR LINES
528|KQ|KENYA AIRWAYS
529|KR|COMORES AVIATION
530|KS|PENAIR
531|KU|KUWAIT AIRWAYS
532|KV|KAVMINVODYAVIA
533|KW|WATANIYA AIRWAYS
534|KX|CAYMAN AIRWAYS
535|KY|KUNMING AIRLINES
536|KZ|NIPPON CARGO AIRLINES
537|L3|LYNX AVIATION
538|L5|CHC HELIKOPTER SERVICE
539|L6|MAURITANIAN AIRLINES INT
540|L7|LAOAG INTL AIRLINES
541|L8|WORLDWIDE AIRLINES SERVICES
542|LA|LAN CHILE
543|LB|LLOYD AÉREO BOLIVIANO
544|LC|LOGANAIR
545|LD|LINEA TURISTICA AEREOTUY
546|LE|HELGOLAND AIRLINES
547|LF|NORWEGIAN.SE
548|LG|LUXAIR
549|LH|DEUTSCHE LUFTHANSA
550|LI|LIAT
551|LJ|JIN AIR LTD
552|LK|AIR LUXOR S.A
553|LL|MIAMI AIR INTERNATIONAL
554|LM|LIVINGSTON SPA
555|LN|LIBYAN ARAB AIRLINES
556|LO|LOT POLISH AIRLINES
557|lp|LAN PERU
558|LR|LINEAS AEREAS COSTARRICENSES S.A.
559|LS|JET2.COM
560|LT|LTU
561|LU|LAN EXPRESS
562|LV|ALBANIAN AIRLINES
563|LW|PACIFIC WINGS
564|LX|SWISS INTERNATIONAL AIR LINES
565|LY|EL AL ISRAEL AIRLINES
566|LZ|BELLE AIR COMPANY
567|M0|AMIRI FLIGHT
568|M3|NORTH FLYING AS
569|M4|NAYZAK AIR TRANSPORT
570|M5|KENMORE AIR
571|M6|CHALAIR
572|M7|MARSLAND AVIATION
573|M8|TRANS MALDIVIAN AIRWAYS
574|M9|MOTOR SICH AVIAKOMPANIA
575|MA|MALEV HUNGARIAN AIRLINES
576|MC|AIR MOBILITY COMMAND
577|MD|AIR MADAGASCAR
578|ME|MIDDLE EAST AIRLINES
579|MF|XIAMEN AIRLINES
580|MH|MALAYSIA AIRLINES
581|MI|SILK AIR
582|MJ|MIHIN LANKA
583|MK|AIR MAURITIUS
584|ML|AERO COSTA RICA ACORI S.A.
585|MM|EUROATLANTIC AIRWAYS
586|MN|COMAIR LTD
587|MO|CALM AIR INTL LTD
588|MP|MARTINAIR
589|MQ|AMERICAN EAGLE AIRLINES
590|MR|AIR MAURITANIE
591|MS|EGYPTAIR
592|MT|THOMAS COOK AIRLINES UK
593|MU|CHINA EASTERN AIRLINES
594|MV|ARMENIAN INTL AIRWAYS
595|MW|MOKULELE AIRLINES
596|MX|MEXICANA DE AVIACION
597|MY|MAYA ISLAND AIR
598|MZ|MERPATI NUSANTARA AIRLINES
599|N2|DAGESTAN AIRLINES
600|N3|OMSKAVIA
601|N4|MINERVA AIRLINES
602|N5|NORFOLK AIR
603|N7|LAGUN AIR
604|N8|NATIONAL AIRLINES
605|N9|NIGER AIR CONTINENTAL
606|NA|NORTH AMERICAN AIRLINES
607|NB|STERLING EUROPEAN
608|NC|NATIONAL JET SYSTEMS
609|ND|AIRLINK PTY LTD.
610|NE|SKY EUROPE AIRLINES
611|NF|AIR VANUATU
612|NG|LAUDA AIR
613|NH|ANA ALL NIPPON AIRWAYS
614|NI|PGA-PORTUGÁLIA AIRLINES
615|NJ|AERO VIP (ARGENTINA)
616|NK|SPIRIT AIRLINES
617|NL|SHAHEEN AIR INTERNATIONAL
618|NM|MANX2
619|NN|VIM AIRLINES
620|NO|AUS AIR
621|NP|NILE AIR
622|NQ|AIR JAPAN
623|NR|MAX AIR LIMITED
624|NS|CAUCASUS AIRLINES
625|NT|BINTER CANARIAS
626|NU|JAPAN TRANSOCEAN AIR
627|NV|AIR CENTRAL
628|NW|NORTHWEST AIRLINES
629|NX|AIR MACAU
630|NY|AIR ICELAND
631|NZ|AIR NEW ZEALAND
632|O2|JET AIR
633|O4|ANTRAK AIR
634|O5|COMORES AVIATION
635|O6|OCEANAIR
636|O8|OASIS HONG KONG AIRLINES
637|O9|NOVA AIRWAYS
638|OA|OLYMPIC AIR
639|OB|BOLIVIANA DE AVIACION
640|OC|ORIENTAL AIR
641|OD|TOR AIR
642|OE|WESTAIR COMMUTER AIRLINES
643|OF|AIR FINLAND
644|OG|ONE-TWO-GO AIRLINES
645|OH|COMAIR
646|OI|PRESTIGE AIRWAYS
647|OJ|OVERLAND AIRWAYS
648|OK|CSA CZECH AIRLINES
649|OL|OLT
650|OM|MIAT-MONGOLIAN AIRLINES
651|ON|OUR AIRLINE
652|OO|SKYWEST AIRLINES
653|OP|OLYMPIC AIRLINES
654|OQ|QUEEN AIR
655|OR|TUI AIRLINES NETHERLAND
656|OS|AUSTRIAN AIRLINES
657|OT|AEROPELICAN AIR SERVICES
658|OU|CROATIA AIRLINES
659|OV|ESTONIAN AIR
660|OX|ORIENT THAI AIRLINES
661|OY|ANDES LÍNEAS AÉREAS
662|OZ|ASIANA AIRLINES
663|P0|PROFLIGHT COMMUTER SERVICES
664|P2|PANAIR
665|P4|AEROLINEAS SOSA
666|P5|AEROREPUBLICA S. A.
667|P6|AIR EXPRESSO
668|P7|REGIONAL PARAGUAYA
669|P8|AIR MEKONG
670|P9|PERUVIAN AIR LINES
671|PA|FLORIDA COASTAL AIRLINES
672|PB|PROVINCIAL AIRLINES
673|PC|PEGASUS AIRLINES
674|PD|PORTER AIRLINES
675|PE|AIR EUROPE
676|PF|PALESTINIAN AIRLINES
677|PG|BANGKOK AIRWAYS
678|PH|POLYNESIAN
679|PI| SOL PARAGUAY
680|PJ|AIR ST. PIERRE
681|PK|PAKISTAN INTERNATIONAL AIRLINES
682|PL|SOUTHERN AIR CHARTER
683|PM|PAMIR AIRWAYS
684|PN|WEST AIR
685|PO|PEOPLES VIENNA LINE
686|PQ|AIRASIA PHILIPPINES
687|PR|PHILIPPINE AIRLINES
688|PS|UKRAINE INTERNATIONAL AIRLINES
689|PU|PLUNA
690|PV|PAN AIR LINEAS AEREAS
691|PW|PRECISION AIR
692|PX|AIR NIUGINI
693|PY|SURINAM AIRWAYS
694|PZ|TAM MERCOSUR
695|Q2|ISLAND AVIATION
696|Q3|ZAMBIAN AIRWAYS
697|Q4|SWAZI EXPRESS AIRWAYS
698|Q5|FORTY MILE AIR
699|Q6|SKYTRANS
700|Q7|SOBELAIR
701|Q8|TRANS AIR CONGO
702|Q9|QUIKAIR AIRLINE SVS                            
703|QA|CLICK MEXICANA
704|QB|GEORGIAN NATIONAL AIRLINES
705|QC|CAMEROON AIRLINES
706|QD|AIR CLASS LINEAS AEREAS/AEROVIP
707|QE|EUROPE CONTINENTAL AIRWAYS
708|QF|QANTAS AIRWAYS
709|QH|ALTYN AIR AIRLINES
710|QI|CIMBER AIR
711|QJ|AIR COMPANY LATPASS
712|QK|AIR CANADA JAZZ
713|QL|AERO LANKA PVT LTD
714|QM|AIR MALAWI
715|QN|AIR ARMENIA
716|QQ|ALLIANCE AIRLINES
717|QR|QATAR AIRWAYS
718|QS|SMART WINGS
719|QT|REGIONAL AIR PT
720|QU|AIRLINE UTAIR UKRAINE
721|QV|LAO AVIATION
722|QW|TURKS AND CAICOS AIRWAYS
723|QX|HORIZON AIR
724|QY|EUROPEAN AIR TRANSPORT
725|QZ|INDONESIA AIRASIA
726|R2|ORENBURG AIRLINES
727|R3|YAKUTIA AIRLINES
728|R4|RUSSIA
729|R5|MALTA AIR CHARTER
730|R6|AIR SRPSKA
731|R7|ASERCA AIRLINES
732|R9|TAF LINHAS AÉREAS
733|RA|ROYAL NEPAL AIRLINES
734|RB|SYRIAN ARAB AIRLINES
735|RC|ATLANTIC AIRWAYS
736|RD|RYAN INTERNATIONAL AIRLINES
737|RE|AER ARANN
738|RF|ORD AIR CHARTER
739|RG|VARIG BRASIL
740|RH|REGIONNAIR
741|RI|MANDALA AIRLINES
742|RJ|ROYAL JORDANIAN AIRLINE
743|RK|REGION AIRLINES
744|RL|ROYAL FALCON AIRLINES
745|RM|AIR MOLDOVA INTL
746|RN|AIR HORIZONS
747|RO|TAROM
748|RP|CHAUTAUQUA AIRLINES
749|RQ|KAM AIR
750|RS|SKY REGIONAL AIRLINES
751|RT|RAK AIRWAYS
752|RU|BRITT AIRWAYS
753|RV|CASPIAN AIRLINES
754|RW|REPUBLIC AIRLINES
755|RX|AVIAEXPRESS AIRLINES AND SERVICES LTD.
756|RY|EUROPEAN EXECUTIVE EXPRESS
757|RZ|SANSA AIRLINES
758|S0|SALSA D'HAITI
759|S2|JET LITE
760|S3|SANTA BARBARA AIRLINES
761|S4|SATA INTERNATIONAL
762|S5|SHUTTLE AMERICA
763|S6|SALMON AIR
764|S7|S7 AIRLINES
765|S8|ESTONIAN AVIATION COMPANY ELK
766|SA|SOUTH AFRICAN AIRWAYS
767|SB|AIR CALEDONIE INTERNATIONAL
768|SC|SHANDONG AIRLINES
769|SD|SUDAN AIRWAYS
770|SE|STAR AIRLINES
771|SF|TASSILI AIRLINES
772|SG|SPICEJET
773|SH|SHARP AIRLINES
774|SI|BLUE ISLANDS
775|SJ|FREEDOM AIR
776|SK|SAS SCANDINAVIAN AIRLINES
777|SL|RIO-SUL SERVICOS AEREOS REGIONAIS
778|SM|SPIRIT OF MANILA AIRLINES
779|SN|BRUSSELS AIRLINES
780|SO|SALSA D HAITI
781|SP|SATA AIR ACORES
782|SQ|SINGAPORE AIRLINES
783|SR|SWISS AIR TRANSPORT COMPANY LTD.
784|SS|CORSAIR
785|ST|GERMANIA EXPRESS
786|SU|AEROFLOT RUSSIAN AIRLINES
787|SV|SAUDI ARABIAN AIRLINES
788|SW|AIR NAMIBIA
789|SX|SKY WORK AIRLINES
790|SY|SUN COUNTRY AIRLINES
791|SZ|CHINA SOUTHWEST AIRLINES
792|T0|TACA PERU
793|T1|TRANS AIR CONGO
794|T2|NAKINA AIR SERVICE
795|T3|EASTERN AIRWAYS
796|T4|TRIP LINHAS AÉREAS
797|T5|TURKMENISTAN
798|T6|1TIME
799|T7|TWIN JET
800|T8|STA AIRLINES
801|TA|TACA INTERNATIONAL
802|TB|TRUMP SHUTTLE
803|TC|AIR TANZANIA
804|TD|ATLANTIS EUROPEAN AIRWAYS
805|TE|FLYLAL-LITHUANIAN AIRLINES
806|TF|MALMO AVIATION
807|TG|THAI AIRWAYS
808|TH|BRITISH AIRWAYS CITIEXPRESS
809|TI|AIR CONTINENTAL AFRICA
810|TJ|TRADEWIND AVIATION
811|TK|TURKISH AIRLINES
812|TL|AIRNORTH REGIONAL
813|TM|LAM
814|TN|AIR TAHITI NUI
815|TO|PRESIDENT AIRLINES
816|TP|TAP AIR
817|TQ|TRANSWEDE AIRWAYS A.B.
818|TR|TIGER AIRWAYS
819|TS|AIR TRANSAT
820|TT|TIGER AIRWAYS AUSTRALIA
821|TU|TUNIS AIR
822|TV|VIRGIN EXPRESS
823|TW|TRANS WORLD AIRLINES
824|TX|AIR CARAIBES
825|TY|AIR CALEDONIE
826|TZ|SCOOT PTE. LTD
827|U2|EASYJET
828|U3|AVIES
829|U4|BUDDHA AIR
830|U5|USA 3000 AIRLINES
831|U6|URAL AIRLINES
832|U7|AIR UGANDA
833|U8|ARMAVIA
834|U9|TATARSTAN AIRLINES
835|UA|UNITED AIRLINES
836|UB|MYANMA AIRWAYS
837|UC|AEROVIAS DAP
838|UD|HEX'AIR
839|UE|AIR EUROAMERICA S.A.
840|UF|UKRAINIAN MEDITERRANEAN AIRLINES
841|UG|TUNINTER
842|UH|US HELICOPTER
843|UI|EUROCYPRIA AIRLINES
844|UJ|USA JET AIRLINES
845|UK|KLM UK LTD
846|UL|SRILANKAN AIRLINES
847|UM|AIR ZIMBABWE
848|UN|TRANSAERO AIRLINES
849|UO|HONG KONG EXPRESS AIRWAYS
850|UP|BAHAMASAIR
851|UQ|SKYJET AIRLINES
852|US|US AIRWAYS
853|UT|UTAIR
854|UU|AIR AUSTRAL
855|UV|HELICOPTEROS DEL SURESTE
856|UW|UNIVERSAL AIRLINES
857|UX|AIR EUROPA LINEAS AEREAS
858|UY|CAMEROON AIRLINES
859|UZ|BURAQ AIR
860|V0|CONVIASA
861|V2|VISION AIRLINES
862|V3|CARPATAIR
863|V4|VIEQUES AIR
864|V5|ROYAL ARUBAN AIRLINES
865|V6|VIP ECUADOR
866|V7|AIR SENEGAL INTERNATIONAL
867|V8|ILIAMNA AIR
868|VA|V AUSTRALIA
869|VB|AEROENLACES NACIONALES
870|VC|AIR AUSTRALIA
871|VD|SWEDJET AIRWAYS AB
872|VE|VOLARE AIRLINES
873|VF|VALUAIR
874|VG|VLM AIRLINES
875|VH|AEROPOSTAL ALAS DE VENEZUELA
876|VI|VOLGA-DNEPR AIRLINES
877|VJ|VIETJET AVIATION
878|VK|VIRGIN NIGERIA AIRWAYS
879|VL|SONICBLUE AIRWAYS
880|VM|VIAGGIO AIR
881|VN|VIETNAM AIRLINES
882|VO|TYROLEAN AIRWAYS
883|VP|VASP AIRLINES
884|VQ|VINTAGE PROPS & JETS
885|VR|TACV
886|VS|VIRGIN ATLANTIC AIRWAYS
887|VT|AIR TAHITI
888|VU|AIR IVOIRE
889|VV|AEROSVIT AIRLINES
890|VW|AEROMAR
891|VX|VIRGIN AMERICA
892|VY|VUELING AIRLINES
893|VZ|VELVET SKY
894|W2|FLEXFLIGHT
895|W3|ARIK AIR
896|W4|LC BUSRE
897|W5| MAHAN AIRLINES
898|W6|WIZZAIR
899|W7|SAYAKHAT AIRLINES
900|W9|AIR BAGAN
901|WA|KLM CITYHOPPER
902|WB|RWANDAIR EXPRESS
903|WC|ISLENA AIRLINES
904|WD|DAIRO AIR SERVICE
905|WE|CHALLENGE AIR CARGO
906|WF|WIDEROE
907|WG|SUNWING AIRLINES
908|WH|WEBJET LINHAS AÉREAS
909|WJ|AIR LABRADOR
910|WK|EDELWEISS AIR
911|WL|AEROPERLAS
912|WM|WINAIR
913|WN|SOUTHWEST AIRLINES
914|WO|WORLD AIRWAYS
915|WP|ALOHA ISLAND AIR
916|WQ|ROMAVIA
917|WR|ROYAL TONGAN AIRLINES
918|WS|WESTJET
919|WT|WASAYA AIRWAYS
920|WU|TIKAL JETS
921|WV|WINGS AIR
922|WW|BMIBABY
923|WX|CITYJET
924|WY|OMAN AIR
925|WZ|WEST AFRICAN AIRLINES
926|X3|TUIFLY
927|X8|ICARO AIR
928|XC|K.D. AIR
929|XD|FREEBIRD AIRLINES
930|XE|EXPRESSJET AIRLINES
931|XF|VLADIVOSTOK AIR
932|XG|CLICKAIR
933|XH|SPECIAL SERVICES
934|XJ|MESABA AIRLINES
935|XK|CCM
936|XL|LAN ECUADOR
937|XM|AUSTRALIAN AIR EXPRESS
938|XN|XPRESSAIR
939|XP|XTRA AIRWAYS
940|XQ|SUN EXPRESS
941|XR|SKYWEST AIRLINES
942|XT|SKYSTAR AIRWAYS
943|XU|AFRICAN EXPRESS AIRWAYS
944|XV|BVI AIRWAYS
945|XW|SKYEXPRESS
946|XY|NATIONAL AIR SERVICES
947|XZ|SOUTH AFRICAN EXPRESS
948|Y0|YELLOW AIR TAXI
949|Y2|FLYGLOBESPAN
950|Y4|VOLARIS
951|Y6|BATAVIA AIR
952|Y7|TAIMYR AIRLINES
953|Y8|PASSAREDO TRANSPORTES AÉREOS
954|Y9|KISH AIR
955|YB|SOUTH AFRICAN EXPRESS
956|YC|YAMAL AIRLINES
957|YD|MAURITANIA AIRWAYS
958|YE|YANDA AIRLINES
959|YG|SOUTH AIRLINES
960|YH|YANGON AIRWAYS
961|YI|AIR SUNSHINE
962|YK|CYPRUS TURKISH AIRLINES
963|YL|YAMAL AIRLINES
964|YM|MONTENEGRO AIRLINES
965|YN|AIR CREEBEC
966|YO|HELI AIR MONACO
967|YP|AERO LLOYD FLUGREISEN
968|YQ|POLET AIRLINES
969|YR|SCENIC AIRLINES
970|YS|RÉGIONAL
971|YT|YETI AIRLINES
972|YU|AEROLINEAS DOMINICANAS S.A. (DOMINAIR)
973|YV|MESA AIRLINES
974|YW|AIR NOSTRUM
975|YX|MIDWEST AIRLINES
976|YZ|TRANSPORTES AEREOS DA GUINE-BISSAU
977|Z2|ZEST AIRWAYS
978|Z3|PROMECH AIRLINES
979|Z4|ZOOM AIRLINES
980|Z5|GMG AIRLINES
981|Z6|DNIEPROAVIA
982|Z7|ADC AIRLINES
983|Z8|AMASZONAS SA
984|Z9|AERO ZAMBIA
985|ZA|ZAS AIRLINE OF EGYPT
986|ZB|MONARCH AIRLINES
987|ZC|ROYAL SWAZI NATIONAL AIRWAYS
988|ZD|DOLPHIN AIR
989|ZE|EASTAR JET
990|ZF|ATHENS AIRWAYS
991|ZH|SHENZHEN AIRLINES
992|ZI|AIGLE AZUR
993|ZJ|ZAMBEZI AIRLINES
994|ZK|GREAT LAKES AVIATION
995|ZL|REGIONAL EXPRESS
996|ZM|ALLIANCE EXPRESS RWANDA
997|ZN|NAYSA
998|ZP|AIR ST. THOMAS
999|ZQ|CARIBBEAN SUN AIRLINES
1000|ZR|AVIACON CITOTRANS
1001|ZS|SAMA AIRLINES
1002|ZT|TITAN AIRWAYS
1003|ZU|AIR BASHKORTOSTAN
1004|ZV|AIR MIDWEST
1005|ZW|AIR WISCONSIN
1006|ZX|AIR ALLIANCE
1007|ZY|ADA AIR
